index,period,revenuePerShare,netIncomePerShare,operatingCashFlowPerShare,freeCashFlowPerShare,cashPerShare,bookValuePerShare,tangibleBookValuePerShare,shareholdersEquityPerShare,interestDebtPerShare,marketCap,enterpriseValue,peRatio,priceToSalesRatio,pocfratio,pfcfRatio,pbRatio,ptbRatio,evToSales,enterpriseValueOverEBITDA,evToOperatingCashFlow,evToFreeCashFlow,earningsYield,freeCashFlowYield,debtToEquity,debtToAssets,netDebtToEBITDA,currentRatio,interestCoverage,incomeQuality,dividendYield,payoutRatio,salesGeneralAndAdministrativeToRevenue,researchAndDdevelopementToRevenue,intangiblesToTotalAssets,capexToOperatingCashFlow,capexToRevenue,capexToDepreciation,stockBasedCompensationToRevenue,grahamNumber,roic,returnOnTangibleAssets,grahamNetNet,workingCapital,tangibleAssetValue,netCurrentAssetValue,investedCapital,averageReceivables,averagePayables,averageInventory,daysSalesOutstanding,daysPayablesOutstanding,daysOfInventoryOnHand,receivablesTurnover,payablesTurnover,inventoryTurnover,roe,capexPerShare
31/12/1989,Q1,0.102568681,0.008571429,0.017932692,0.013612637,0.028193681,0.104656593,0.104656593,0.104656593,0.004663462,4842495840,4499895840,9.7005125,3.242597991,18.54651796,24.43237053,3.177907757,3.177907757,3.01318859,17.82843043,17.23437702,22.70381352,0.025771834,0.040929307,0,0.458358511,-1.357369255,2.605018483,,2.092147436,0.002891071,0.112179487,0.393129771,0,0,-0.240903868,-0.042118655,-1.315899582,0,0.142069601,0.098927419,0.044360715,-0.007139423,1432800000,,1036000000,0.044559653,16892500000,20192850000,2822800000,45.13860988,34.82872102,57.43305909,1.993858478,2.584074217,1.567041725,0.081900512,-0.004320055
31/03/1990,Q2,0.094843919,0.009285714,0.021368415,0.018353024,0.045498591,0.109265662,0.109265662,0.109265662,0.001409061,5100913462,4475113462,9.675480769,3.789120087,16.81804636,19.5812417,3.289002168,3.289002168,3.324256026,17.19213777,14.7547427,17.17893843,0.025838509,0.051069284,0,0.441258061,-2.404149059,2.931292781,,2.301213961,0.002646585,0.102427921,0.399197742,0,0,-0.141114408,-0.031793196,-0.968325792,0,0.151091756,0.099530329,0.047483518,0.005026826,1495400000,,1044900000,0.012895738,16847400000,20181400000,2765750000,44.04397564,37.5411286,49.75234389,2.043412265,2.397370653,1.80896,0.084982913,-0.003015391
30/06/1990,Q3,0.097648462,0.008571429,0.021593131,0.017958502,0.047579299,0.107808252,0.107808252,0.107808252,0.001781541,5584433073,4944333073,11.65365833,4.091759286,18.50375439,22.24873734,3.70615415,3.70615415,3.622752838,20.07443392,16.38281336,19.69853814,0.021452491,0.044946371,0,0.478525696,-2.598863175,2.637275905,,2.519198664,0.002399527,0.111853088,0.406140094,0,0,-0.168323393,-0.037221571,-1.018036072,0,0.144192897,0.091031659,0.04146046,-0.003049726,1452100000,,956300000,0.016525086,16870750000,20203050000,2755450000,46.52330012,43.43593291,45.42797856,1.934514529,2.072017198,1.981157931,0.079506238,-0.003634629
30/09/1990,Q4,0.0968829,0.00704746,0.006990222,0.00213928,0.026808967,0.103515383,0.103515383,0.103515383,0.008771762,3806139843,3554039843,9.66025341,2.810826264,38.95741907,127.2956469,2.630729778,2.630729778,2.624650944,15.99477877,36.37707107,118.8642088,0.025879238,0.007855728,0,0.513795073,-1.134563456,2.340116845,,0.991878173,0.003389261,0.130964467,0,0,0,-0.693961105,-0.050070157,-1.115131579,0,0.128117961,0.072150665,0.033101455,-0.028978655,1376300000,,874400000,0.084738734,16898950000,20233800000,2787250000,50.63953918,51.83293879,54.10043963,1.777267358,1.736347622,1.663572433,0.068081283,-0.004850942
31/12/1990,Q1,0.127233033,0.011428571,0.017230185,0.011595634,0.056140484,0.117330802,0.117330802,0.117330802,0.001746559,5055865019,4339565019,8.398446875,3.017526123,22.28234914,33.10979056,3.27219275,3.27219275,2.590011948,14.97434444,19.12545182,28.41889338,0.029767409,0.030202547,0,0.510626168,-2.471704624,2.372470391,,1.507641196,0.002749282,0.092358804,0.377379887,0,0,-0.327016307,-0.044285288,-1.57537155,0,0.173697374,0.109544365,0.047667311,-0.002166113,1471700000,,931800000,0.014885768,16944750000,20272150000,2813750000,45.84601611,48.92145369,47.8898007,1.963093146,1.839683681,1.879314565,0.097404699,-0.005634551
31/03/1991,Q2,0.117516345,0.009642857,-0.001331317,-0.004199902,0.06430778,0.133455378,0.133455378,0.133455378,0.000441321,8315136947,7446836947,15.85647778,5.204441977,-459.3998313,-145.6241147,4.582857665,4.582857665,4.660973241,28.93099047,-411.4274556,-130.4174597,0.015766427,-0.006866995,0,0.469814739,-3.373348873,2.823629793,,-0.138062548,0.001695703,0.107551487,0.370845591,0,0,2.154696133,-0.02441009,-0.849673203,0,0.170161837,0.076916735,0.03830869,0.01251328,1816700000,,1205100000,0.003306878,16913450000,20274000000,2919950000,44.55216874,49.03584832,72.31914068,2.020103679,1.835391924,1.244483814,0.072255291,-0.002868585
30/06/1991,Q3,0.113092548,-0.003928571,-0.010024886,-0.013983051,0.057241727,0.123280199,0.123280199,0.123280199,0.011563761,5128973411,4511573411,-24.14770909,3.355340449,-37.85220229,-27.13742545,3.07806122,3.07806122,2.951441457,-140.5474583,-33.29574473,-23.87075879,-0.010352949,-0.036849479,0,0.517783244,19.23364486,2.197932857,,2.551789077,0.002807579,-0.271186441,0.516223996,0,0,0.394833948,-0.034999346,-1,0,0.104389123,-0.040946189,-0.015366807,-0.005439703,1541500000,,1039100000,0.093800636,16901550000,20244350000,2976150000,45.16485673,42.00929152,85.16840883,1.992699778,2.14238319,1.056729851,-0.031867011,-0.003958165
30/09/1991,Q4,0.111494485,0.006007533,0.004098736,0.000281141,0.044693974,0.130708232,0.130708232,0.130708232,0.010994081,5973746138,5518246138,18.39207555,3.963998764,107.8293527,1572.038457,3.38130194,3.38130194,3.661742626,29.21252588,99.60733101,1452.170036,0.013592811,0.000636117,0,0.49430387,-2.411328745,2.35280585,,0.68226601,0.002360328,0.17364532,0,0,0,-0.931407942,-0.034240212,-0.89119171,0,0.132920146,0.053283549,0.023242501,-0.007883037,1646500000,,1136700000,0.084111621,16971600000,20242050000,2945350000,54.1791639,40.46204205,76.10852323,1.661155203,2.224306917,1.182521959,0.045961397,-0.003817595
31/12/1991,Q1,0.136248709,0.012142857,0.022361876,0.018587349,0.038776678,0.140652324,0.140652324,0.140652324,0.003342943,6881063247,6396663247,10.36304706,3.694332249,22.50920264,27.08013871,3.578668217,3.578668217,3.434265675,20.14062735,20.92464261,25.17380262,0.024124179,0.036927433,0,0.486637298,-1.525188917,2.41706012,,1.841566265,0.002063635,0.085542169,0.295608289,0,0,-0.168792934,-0.027703211,-1.036144578,0,0.196031182,0.106113872,0.04431985,-0.017616287,1800800000,,1248900000,0.023767423,17004750000,20263900000,2931150000,47.03908515,36.08643457,57.92016807,1.913302517,2.494011976,1.553862894,0.086332432,-0.003774527
31/03/1992,Q2,0.124748863,0.009821429,0.023357698,0.020304404,0.055744422,0.151719626,0.151719626,0.151719626,0.009908666,7154155161,6523655161,13.23862909,4.169088089,22.26627812,25.61459062,3.427961265,3.427961265,3.801663847,24.33291742,20.30393763,23.35716134,0.018884131,0.039040249,0,0.470425537,-2.351734427,2.603645375,,2.378238342,0.002026794,0.107327905,0.317657343,0,0,-0.130718954,-0.024475524,-0.836653386,0,0.183104691,0.078215613,0.034281509,-0.011695206,2006000000,,1403000000,0.065309056,16954650000,20234000000,2880750000,45.80244755,33.71786421,53.64205669,1.964960495,2.669208211,1.677788018,0.064734068,-0.003053294
30/06/1992,Q3,0.127414579,0.009642857,0.017250244,0.013047511,0.053544582,0.155325415,0.155325415,0.155325415,0.013193947,5853327480,5302227480,11.1111,3.36359469,24.84434414,32.84695556,2.759181427,2.759181427,3.046906953,19.66701588,22.50521002,29.75436296,0.022500022,0.030444222,0,0.485247015,-2.044139466,2.521322825,,1.788914199,0.002443055,0.108580106,0.327720952,0,0,-0.243633277,-0.032984714,-1.003496503,0,0.183575782,0.072770038,0.031956712,-0.020731777,2065500000,,1423400000,0.084943905,16996300000,20258200000,2877400000,49.47362372,38.44027641,52.89239882,1.81915116,2.341294299,1.701567749,0.062081644,-0.004202733
30/09/1992,Q4,0.129428083,0.007146111,0.001544907,-0.001669378,0.036506671,0.160157826,0.160157826,0.160157826,0.013508786,5502745982,5188645982,14.09514852,3.1129411,260.7936485,-241.348508,2.515656022,2.515656022,2.935252578,23.8558436,245.9073925,-227.5721922,0.017736599,-0.004143386,0,0.482112839,-1.444137931,2.496246931,,0.216188525,0.00258053,0.145491803,0,0,0,-2.08056872,-0.024834531,-0.731666667,0,0.160472356,0.047030234,0.023107702,-0.031648633,2132900000,,1522100000,0.084346713,17061600000,20276950000,2899550000,55.35328393,40.32853994,54.80109163,1.625919794,2.23167018,1.642303051,0.044619183,-0.003214286
31/12/1992,Q1,0.148370494,0.011964286,0.005844921,0.002559007,0.043347356,0.169324683,0.169324683,0.169324683,0.014137587,7192292850,6798492850,11.14738507,3.595607084,91.27275191,208.4722565,3.150645195,3.150645195,3.398736615,22.6918987,86.27528998,197.0577638,0.022426784,0.004796801,0,0.492101633,-1.314419226,2.408180518,,0.488530688,0.001974336,0.088034718,0.285007249,0,0,-0.562182741,-0.022146678,-1.124365482,0,0.213498478,0.081439394,0.035887509,-0.031900435,2165500000,,1491500000,0.083493955,17117350000,20297100000,2907800000,53.93340999,36.56347826,46.69043478,1.668724451,2.461472603,1.927589675,0.07065884,-0.003285914
31/03/1993,Q2,0.146205397,0.008214286,-0.003910859,-0.00750322,0.041523251,0.169337241,0.169337241,0.169337241,0.004436751,6207983344,5707283344,13.99455217,3.145034371,-117.5754421,-61.28315246,2.715415687,2.715415687,2.891374104,25.74327174,-108.0924876,-56.34040814,0.017864094,-0.016317698,0,0.488557303,-2.258457375,2.486968357,,-0.476104599,0.002174619,0.121731289,0.299761893,0,0,0.918560606,-0.024570647,-1.13317757,0,0.176910007,0.056355396,0.024809288,-0.01634154,2185100000,,1470700000,0.026200682,17160850000,20370350000,3047900000,58.62151071,47.12713311,67.33105802,1.535272614,1.90972788,1.336678832,0.048508442,-0.003592361
30/06/1993,Q3,0.144795539,-0.014642857,-0.022395873,-0.028041499,0.030576588,0.157121045,0.157121045,0.157121045,0.023966694,4535279901,4450279901,-6.02134878,2.435703492,-15.74749966,-12.577038,2.244632468,2.244632468,2.390053653,-16.966374,-15.45236077,-12.34131975,-0.041518937,-0.079509977,0,0.576237416,0.324056424,1.869349609,,1.529474243,0.00308691,-0.074349442,0.490171858,0,0,0.252083333,-0.038990333,-1.753623188,0,0.227520929,-0.114834507,-0.03949245,-0.061114293,1823200000,,1172900000,0.152536501,17150700000,20393250000,3228850000,61.16326531,48.86794006,91.78577309,1.471471471,1.841698256,0.980544119,-0.093194754,-0.005645626
30/09/1993,Q4,0.166475988,0.000209961,-0.031089826,-0.034799143,0.052599196,0.15757985,0.15757985,0.15757985,0.06401487,2683844493,2830644493,248.5041197,1.253664281,-6.712967716,-5.997417861,1.324439643,1.324439643,1.322236777,60.35489323,-7.080151307,-6.325462553,0.00100602,-0.166738424,0,0.608152531,3.130063966,1.724872774,,-148.0740741,0.005179138,5.148148148,0,0,0,0.119309655,-0.02228139,-1.122352941,0,0.027284201,0.002672991,0.000522102,-0.05279166,1823200000,,1193400000,0.406237663,17208950000,20434800000,3362800000,58.09557175,43.17720783,87.59868209,1.549171431,2.084433073,1.027412717,0.001332412,-0.003709316
31/12/1993,Q1,0.188475489,0.003055026,0.028050155,0.026251249,0.085714087,0.156748432,0.156748432,0.156748432,0.057428267,3420966743,3200835743,21.371425,1.385649675,9.310501135,9.948517138,1.666115547,1.666115547,1.296486444,29.87247543,8.711392731,9.308353935,0.011697863,0.100517493,0,0.592804476,-2.054419039,1.807438145,,9.181643261,0.004080133,0.348793043,0.151772847,0.061814915,0,-0.064131769,-0.009544509,-0.553067643,0,0.103800701,0.02383948,0.007936237,-0.019934389,1879846000,,1218826000,0.366372192,17141977000,20433299500,3278818500,45.49311543,35.46613705,64.19192468,1.978321316,2.537631879,1.402045513,0.019489991,-0.001798906
30/06/1994,Q2,0.155910705,0.001276111,-0.001276111,-0.006906011,0.083022263,0.158312795,0.158312795,0.158312795,0.060352531,3954888000,3663888000,58.16011765,1.90413481,-232.6404706,-42.98791304,1.875243243,1.875243243,1.764028888,49.512,-215.5228235,-39.82486957,0.004298478,-0.023262353,0.144618303,0.601021566,-3.932432432,2.035911602,4.375,-1,0.003539923,0.823529412,0.158883004,0.064516129,0,4.411764706,-0.036109774,-1.973684211,0,0.06742073,0.011239563,0.003216042,-0.031546208,2250000000,,1245000000,0.377430062,17189500000,20444500000,3253000000,58.19451131,43.46007605,73.40304183,1.546537602,2.070866142,1.226107226,0.008060692,-0.0056299
30/09/1994,Q4,0.187291622,0.008612699,0.018181504,0.015461317,0.094488113,0.179029726,0.179029726,0.179029726,0.044785582,4004092922,3396804922,8.730742056,1.605950108,16.54324082,19.45377611,1.680061781,1.680061781,1.362380779,14.73367653,14.03418026,16.50328395,0.02863445,0.051403902,0.127554178,0.55055343,-2.634117989,2.302340425,,2.111011295,0.0035676,0.124591165,0.138913867,0.056997071,0,-0.149612871,-0.014523805,-0.79377466,0,0.186261655,0.056696247,0.021621816,0.005155995,2532147000,,1557007000,0.25015724,17308673500,20504358500,3153717000,57.08179086,43.73564894,53.98939492,1.57668494,2.057817871,1.666994048,0.048107646,-0.002720187
31/12/1994,Q1,0.207941408,0.01380402,0.033261814,0.03164645,0.116526488,0.188116485,0.188116485,0.188116485,0.037667352,4742403441,4107403441,6.306387554,1.674577486,10.46888177,11.00325624,1.851055207,1.851055207,1.450354322,12.18814077,9.067115763,9.529938378,0.039642346,0.090882188,0.118657299,0.536960058,-1.884272997,2.438242894,,2.409574468,0.00295209,0.074468085,0.146539548,0.046610169,0,-0.048565121,-0.007768362,-0.578947368,0,0.241717157,0.074207893,0.03397795,0.026231309,2783000000,,1747000000,0.200234192,17317500000,20541500000,3151500000,50.81567797,42.63627354,48.34489594,1.771106942,2.110878661,1.861623616,0.073380172,-0.001615364
31/03/1995,Q2,0.193067508,0.005314453,0.000509605,-0.001674417,0.144582229,0.197581152,0.197581152,0.197581152,0.068505477,4323199038,3879199038,14.80547616,1.63016555,617.5998625,-187.9651756,1.592925217,1.592925217,1.462744735,25.02709057,554.1712911,-168.6608277,0.016885644,-0.005320134,0.112011791,0.551404959,-2.864516129,2.300936246,16.6,0.095890411,0.003469653,0.205479452,0.145550528,0.053921569,0,-4.285714286,-0.011312217,-1.034482759,0,0.153706871,0.043603888,0.012066116,0.026699664,2918000000,,1825000000,0.343036109,17334500000,20490500000,3101500000,55.41855204,39.27439959,45.25293817,1.624004899,2.291569087,1.988821138,0.026897568,-0.002184022
30/06/1995,Q3,0.186611295,0.007464452,-0.001956701,-0.006159985,0.1214604,0.204946308,0.204946308,0.204946308,0.052541044,5721245719,5262245719,13.88651874,2.221842998,-211.8979896,-67.30877317,2.023071329,2.023071329,2.043590571,24.24998027,-194.8979896,-61.90877317,0.018003072,-0.014856904,0.107142857,0.537303665,-2.115207373,2.383379247,9.75,-0.262135922,0.00244702,0.13592233,0.156893204,0.065242718,0,2.148148148,-0.022524272,-1.567567568,0,0.185528344,0.039654296,0.016852094,0.017411015,3013000000,,1907000000,0.250707214,17294500000,20587500000,3293000000,54.27961165,51.06659448,66.61072009,1.658081133,1.76240458,1.35113387,0.036421499,-0.004203284
30/09/1995,Q4,0.217628629,0.004348224,-0.048772583,-0.052323633,0.068991826,0.210236648,0.210236648,0.210236648,0.056454446,4589307808,4597307808,19.12211586,1.528241028,-6.819179506,-6.356382005,1.581974425,1.581974425,1.530905031,34.56622412,-6.831066579,-6.367462337,0.013073867,-0.1573222,0.104446743,0.534424651,0.060150376,2.24688172,4.8,-11.21666667,0.003268467,0.25,0.125874126,0.056943057,0,0.072808321,-0.016317016,-2.130434783,0,0.143417267,0.01843318,0.009629273,-0.003061875,2899000000,,1894000000,0.263357463,17483500000,20646000000,3497000000,57.87212787,44.01763224,67.06549118,1.555152771,2.044635193,1.341971831,0.020682523,-0.00355105
31/12/1995,Q1,0.228524504,-0.005008955,0.013574994,0.011324594,0.079852908,0.202826386,0.202826386,0.202826386,0.05945412,3920430798,3898430798,-14.20445941,1.245371918,20.96487058,25.13096665,1.403160629,1.403160629,1.238383354,-77.96861596,20.84722352,24.98994101,-0.017600107,0.039791545,0.108804581,0.573630398,0.44,2.052125693,-7,-2.710144928,0.00382611,-0.217391304,0.140088945,0.048602287,0,-0.165775401,-0.009847522,-0.738095238,0,0.151191389,-0.030925156,-0.010529528,-0.016515033,2846000000,,1792000000,0.287043665,17490000000,20779000000,3583000000,55.57814485,48.18181818,65.55555556,1.619341564,1.867924528,1.372881356,-0.024695777,-0.0022504
31/03/1996,Q2,0.15776392,-0.053430344,-0.026137546,-0.026931781,0.042744275,0.148449711,0.148449711,0.148449711,0.048231716,3037373693,3192373693,-1.026139761,1.390102377,-8.390535063,-8.14309301,1.477321835,1.477321835,1.461040592,-2.860549904,-8.818711859,-8.558642608,-0.24363153,-0.12280346,0.147373541,0.607183798,-0.138888889,1.881654201,-75,0.489189189,0.000329232,-0.001351351,0.184897025,0.068649886,0,0.03038674,-0.005034325,-0.239130435,0,0.422449618,-0.329280648,-0.141383263,-0.059820324,2004000000,,1099000000,0.318579767,17201000000,20472000000,3342500000,56.26544622,28.21565618,50.62931696,1.599560761,3.189718482,1.777626194,-0.359922179,-0.000794235
30/06/1996,Q3,0.157234066,-0.002309082,0.020709581,0.019771516,0.098063835,0.145760814,0.145760814,0.145760814,0.082838324,2598435000,2375435000,-20.30027344,1.192489674,9.053780488,9.483339416,1.28635396,1.28635396,1.090149151,-139.7314706,8.276777003,8.669470803,-0.012315105,0.105448087,0.46980198,0.622076707,13.11764706,2.312564901,-9.666666667,-8.96875,,0,0.167049105,0.071133547,0,-0.045296167,-0.005966039,-0.590909091,0,0.087022458,-0.033928049,-0.005986904,-0.033662089,2528000000,,1129000000,0.562376238,17164000000,20444500000,3140000000,53.36392841,38.61486486,53.76689189,1.686532508,2.330708661,1.673892554,-0.015841584,-0.000938065
30/09/1996,Q4,0.167480618,0.00180397,0.02135901,0.020493105,0.125917139,0.148502849,0.148502849,0.148502849,0.083199118,2760840652,2343840652,27.60840652,1.189504805,9.327164365,9.721269902,1.341516352,1.341516352,1.009840867,36.62251019,7.918380581,8.252960043,0.009055213,0.102867219,0.461127308,0.616331096,-6.515625,2.254118822,0.333333333,11.84,,0,0.154674709,0.062903921,0,-0.040540541,-0.005170185,-2,0,0.077637826,0.001785183,0.004660701,-0.007793152,2512000000,,1209000000,0.551506317,17266000000,20459000000,2940500000,58.00947867,39.33149171,32.91712707,1.551470588,2.288242731,2.734138973,0.012147716,-0.000865906
31/12/1996,Q1,0.152642924,-0.008603641,0.006596124,0.005162184,0.129556488,0.139235584,0.139235584,0.139235584,0.081017616,2879799511,2835799511,-5.999582315,1.352653599,31.3021686,39.99721543,1.482903971,1.482903971,1.331986619,-28.64443951,30.82390773,39.38610432,-0.041669567,0.02500174,0.489186406,0.631638847,0.444444444,2.161937378,,-0.766666667,,0,0.17472992,0.069985909,0,-0.217391304,-0.009394082,-0.8,0,0.164175183,-0.038413879,-0.02276176,-0.011471521,2375000000,,1089000000,0.581874356,17264000000,20473500000,2853500000,63.07186473,42.60969977,25.35796767,1.4269437,2.112195122,3.549180328,-0.061791967,-0.00143394
31/03/1997,Q2,0.113802696,-0.050326239,0.007747966,0.00661065,0.103709015,0.088284165,0.088284165,0.088284165,0.077124251,2339472649,2151472649,-0.826084975,1.46125712,21.46305183,25.15561989,1.883633373,1.883633373,1.343830512,-4.051737569,19.73828119,23.13411451,-0.302632305,0.039752549,0.766505636,0.723200357,0.354048964,1.811039284,,-0.153954802,,0,0.217364147,0.322298563,0,-0.146788991,-0.009993754,-0.533333333,0,0.316176731,-0.226575121,-0.157789169,-0.047607343,1631000000,,397000000,0.873590982,17092500000,20483500000,2864000000,64.5908807,58.24345146,35.29275809,1.393385553,1.545238095,2.550098232,-0.570048309,-0.001137316
30/06/1997,Q3,0.122600226,-0.003952569,-0.014539808,-0.014963298,0.086815359,0.084415584,0.084415584,0.084415584,0.076086957,1857963184,1917963184,-8.2944785,1.069639139,-9.019238757,-8.763977283,1.553480923,1.553480923,1.104181453,-50.47271537,-9.310500893,-9.046996151,-0.030140533,-0.114103445,0.795150502,0.724487445,-1.578947368,1.828795812,,3.678571429,,0,0.176741508,0.058146229,0,0.029126214,-0.003454231,-0.272727273,0,0.086644762,-0.024681201,-0.012900253,-0.052424478,1583000000,,348000000,0.901337793,17121500000,20469500000,2876500000,62.5388601,52.61339093,34.60043197,1.43910522,1.710591133,2.601123596,-0.046822742,-0.00042349
30/09/1997,Q4,0.112593381,-0.011231434,0.011091913,0.010324548,0.10178051,0.083712551,0.083712551,0.083712551,0.068086208,2727763003,2473763003,-4.235656837,1.690063818,17.15574216,18.4308311,2.273135836,2.273135836,1.532690832,309.2203753,15.55825788,16.71461488,-0.059022723,0.054256913,0.7925,0.716513111,-31.75,1.883388339,,-0.98757764,,0,0.16047088,0.058240397,0,-0.06918239,-0.006815366,-0.268292683,0,0.145446794,-0.013664596,-0.038034491,-0.040408746,1606000000,,391000000,0.813333333,17035500000,20406000000,2828000000,57.71375465,47.64296754,30.39412674,1.55942029,1.889051095,2.961098398,-0.134166667,-0.000767365
31/12/1997,Q1,0.110082005,0.003278742,0.009208381,0.008720057,0.113500267,0.086782011,0.086782011,0.086782011,0.068086208,1703859194,1486859194,9.063080819,1.079758678,12.9080242,13.63087355,1.369661732,1.369661732,0.942242835,21.86557638,11.2640848,11.89487355,0.027584439,0.07336287,0.765273312,0.698497334,-3.191176471,2.020970641,,2.808510638,,0,0.148288973,0.050063371,0,-0.053030303,-0.004435995,-0.25,0,0.080012844,0.016280016,0.011391178,-0.026264813,1704000000,,491000000,0.784565916,16969000000,20391000000,2811500000,51.44486692,48.12244898,29.68163265,1.749445676,1.870229008,3.032178218,0.03778135,-0.000488323
31/03/1998,Q2,0.095057497,0.003721112,0.01048677,0.010148487,0.123337948,0.093907335,0.093907335,0.093907335,0.066032824,3554909131,3245909131,16.15867787,2.530184435,22.93489762,23.69939421,2.561173725,2.561173725,2.310255609,37.30930035,20.94134923,21.63939421,0.015471563,0.042195171,0.686599424,0.649760283,-3.551724138,2.321531792,,2.818181818,,0,0.158718861,0.053380783,0,-0.032258065,-0.003558719,-0.178571429,0,0.088670139,0.019775107,0.013878375,-0.001234733,1829000000,,638000000,0.703170029,16921500000,20325000000,2738000000,51.69395018,44.57386364,21.90340909,1.741016109,2.019120459,4.108949416,0.03962536,-0.000338283
30/06/1998,Q3,0.09407113,0.006776879,0.013822149,0.012010508,0.133725936,0.099707346,0.099707346,0.099707346,0.063944213,3750852653,3500852653,9.284288746,2.675358526,18.20802259,20.9544841,2.524126954,2.524126954,2.497041835,24.82874222,16.99443036,19.55783605,0.026927211,0.047722482,0.641318977,0.63226924,-1.773049645,2.429805616,,2.03960396,,0,0.154065621,0.059201141,0,-0.131067961,-0.019258203,-0.84375,0,0.12330188,0.023001508,0.024993813,0.012664712,1986000000,,820000000,0.641318977,16975500000,20350000000,2674000000,58.73751783,49.49136276,11.14203455,1.532240437,1.818499127,8.07751938,0.067967699,-0.001811641
30/09/1998,Q4,0.102704644,0.006996589,0.018613567,0.017491472,0.151812777,0.108381121,0.108381121,0.108381121,0.062969299,5241710336,4714710336,12.36252438,3.368708442,18.5876253,19.780039,3.192271824,3.192271824,3.030019496,34.41394406,16.71883098,17.79135976,0.020222407,0.050556018,0.580998782,0.617160177,-3.846715328,2.432894737,,2.660377358,,0,0.151028278,0.046915167,0,-0.060283688,-0.01092545,-0.739130435,0,0.130620474,0.039364391,0.024714386,0.026946768,2178000000,,1051000000,0.580998782,16995500000,20423000000,2648500000,55.2377892,56.81299385,6.163301141,1.629319372,1.584144645,14.6025641,0.06455542,-0.001122094
31/12/1998,Q1,0.112869499,0.010032844,0.014719239,0.014389211,0.170162321,0.126928682,0.126928682,0.126928682,0.064025388,5529155839,5262155839,9.094006314,3.233424467,24.7944208,25.36310018,2.875276047,2.875276047,3.077284116,25.29882615,23.59711139,24.13832954,0.027490634,0.039427357,0.496099844,0.581228223,-1.283653846,2.605795148,7.9375,1.467105263,,0,0.163157895,0.044444444,0,-0.022421525,-0.002923977,-0.217391304,0,0.169271243,0.040862291,0.033101045,0.040015868,2383000000,,1198000000,0.496099844,16974500000,20391000000,2622000000,48.05263158,48.00488599,1.832247557,1.872946331,1.87480916,49.12,0.079043162,-0.000330028
31/03/1999,Q2,0.100173162,0.008838808,0.017612144,0.016368164,0.191311098,0.142403025,0.142403025,0.142403025,0.062526385,4534335750,4131335750,8.396918056,2.963618137,16.85626673,18.137343,2.084752069,2.084752069,2.700219444,23.34087994,15.35812546,16.525343,0.029772828,0.055134867,0.43908046,0.559270517,-2.276836158,2.650259067,,1.992592593,,0,0.15620915,0.049673203,0,-0.07063197,-0.012418301,-0.791666667,0,0.168285899,0.025951047,0.027355623,0.050675835,2548000000,,1332000000,0.43908046,16920000000,20459000000,2618500000,47.29411765,63.16770186,1.437444543,1.902985075,1.424778761,62.61111111,0.062068966,-0.00124398
30/06/1999,Q3,0.09656597,0.012582087,0.005454304,0.005020439,0.192512133,0.184082755,0.184082755,0.184082755,0.018594218,6077276396,4604276396,7.484330537,3.900690883,69.05995905,75.02810366,2.046221009,2.046221009,2.955248008,18.56563063,52.32132269,56.84291847,0.033403121,0.013328339,0.101010101,0.408248655,-5.939516129,2.792722547,,0.433497537,,0,0.155969191,0.051347882,0,-0.079545455,-0.00449294,-0.368421053,0,0.228283308,0.029885057,0.040446304,0.107381607,2759000000,,2249000000,0.101010101,16966000000,20459500000,2613000000,51.75866496,63.02387268,0.557029178,1.738839286,1.428030303,161.5714286,0.068350168,-0.000433865
30/09/1999,Q4,0.082806249,0.006879861,0.014999336,0.012520107,0.19994982,0.192388172,0.192388172,0.192388172,0.018904121,9354504896,8328504896,21.06870472,7.001874922,38.65497891,46.30943018,3.013693588,3.013693588,6.233910851,55.89600602,34.41530949,41.23022226,0.011865941,0.021593874,0.096649485,0.398566169,-6.88590604,2.766300839,13.4,2.18018018,,0,0.175898204,0.061377246,0,-0.165289256,-0.02994012,-2.105263158,0,0.172571971,0.01854928,0.02150746,0.104731931,2736000000,,2228000000,0.096649485,16858500000,20469500000,2619500000,45.8757485,76.76470588,1.890756303,1.961820852,1.172413793,47.6,0.035760309,-0.002479229
31/03/2000,Q1,0.129904202,0.010146167,0.020680439,0.018573584,0.202923338,0.244727763,0.244727763,0.244727763,0.016910278,16556826697,15270826697,22.61861571,7.06650734,44.38827533,49.42336327,3.750980221,3.750980221,6.517638368,51.07299899,40.94055415,45.5845573,0.011052843,0.020233346,0.067965564,0.418138677,-4.301003344,2.49821883,39.6,2.038251366,,0,0.136150235,0.038412292,0,-0.101876676,-0.016218523,-1.9,0,0.236365388,0.035225049,0.024123385,0.064563996,2944000000,,1737000000,0.067965564,16964000000,20650500000,2617000000,34.2637644,60.8640553,0.77764977,2.626681614,1.478705281,115.7333333,0.041458994,-0.002106854
30/06/2000,Q2,0.107084277,0.012828091,0.003358427,0.00187191,0.198697767,0.232061814,0.232061814,0.232061814,0.016516855,22024991886,20662991886,23.63196554,11.32390328,361.0654407,647.793879,5.225383603,5.225383603,10.62364621,60.77350555,338.7375719,607.7350555,0.010578892,0.001543701,0.071174377,0.398458684,-4.005882353,2.650836481,,0.261802575,,0,0.147557841,0.047300771,0,-0.442622951,-0.013881748,-1.285714286,0,0.258805865,0.03298409,0.033252462,0.084070793,3059000000,,2120000000,0.071174377,16988000000,20619000000,2614500000,43.49614396,71.6260745,0.64469914,2.069148936,1.256525653,139.6,0.055278766,-0.001486517
30/09/2000,Q4,0.102734608,0.00933951,0.00868025,0.006977163,0.221236507,0.225631571,0.225631571,0.225631571,0.016811118,8369772199,7478772199,12.30848853,4.47581401,52.97324177,65.9037181,2.037928463,2.037928463,3.999343422,29.56036442,47.33400126,58.88797007,0.020311186,0.015173651,0.073046019,0.396295752,-3.52173913,2.807553026,14,0.929411765,,0,0.150802139,0.054010695,0,-0.196202532,-0.01657754,-1.722222222,0,0.217747529,0.01724846,0.024988975,0.113296495,3494000000,,2731000000,0.073046019,16994500000,20642000000,2626000000,45.86631016,74.21952958,2.116892373,1.962224554,1.212618842,42.51515152,0.041392744,-0.001703087
31/12/2000,Q1,0.053332571,-0.010327558,-0.000688504,-0.001853664,0.215289871,0.196594342,0.196594342,0.196594342,0.016735941,5015403750,3589403750,-6.430004808,4.98053997,-385.8002885,-143.29725,1.351132476,1.351132476,3.564452582,-14.13151083,-276.1079808,-102.5543929,-0.03888022,-0.006978501,0.083782328,0.379886402,5.614173228,3.009163103,-84,0.066666667,,0,0.294935452,0.101290963,0,1.692307692,-0.021847071,-0.916666667,0,0.213734975,-0.096573925,-0.032576011,0.112927879,3289000000,,2652000000,0.083782328,16738500000,20382000000,2620000000,39.41410129,55.76848249,1.838521401,2.283446712,1.613814757,48.95238095,-0.052532328,-0.00116516
31/03/2001,Q2,0.073837181,0.002218727,-0.002270326,-0.003147497,0.213823393,0.19287448,0.185908708,0.19287448,0.016356664,7637982831,5816982831,44.40687693,5.337514208,-173.5905189,-125.2128333,2.043334091,2.043334091,4.06497752,69.24979561,-132.2041553,-95.36037428,0.005629759,-0.007986402,0.084804708,0.390212072,-21.67857143,2.977715877,,-1.023255814,,0,0.20405311,0.070580014,0.022022838,0.386363636,-0.011879804,-0.772727273,0,0.098125212,-0.001845444,0.007172644,0.115309322,3550000000,3603000000,2953000000,0.084804708,16836500000,20544000000,2614500000,40.06289308,82.68642447,0.86042065,2.246467818,1.088449532,104.6,0.011503478,-0.000877171
30/06/2001,Q3,0.075521585,0.003123266,-0.001689635,-0.003225668,0.215966134,0.197533747,0.19005839,0.197533747,0.016435545,8108794620,6304794620,33.23276484,5.497487878,-245.7210491,-128.7110257,2.101813017,2.101813017,4.274437031,53.88713351,-191.0543824,-100.0761051,0.007522696,-0.007769342,0.082166926,0.364519848,-15.41880342,3.251548947,7.75,-0.540983607,,0,0.190508475,0.082711864,0.024048756,0.909090909,-0.020338983,-1.153846154,0,0.11781928,0.006955351,0.010295359,0.126108247,3634000000,3712000000,3035000000,0.082166926,16817000000,20487000000,2619000000,36.48813559,73.22766571,1.642651297,2.466555184,1.229043684,54.78947368,0.015811301,-0.001536032
30/09/2001,Q4,0.074241558,0.003379271,0.014080296,0.00573452,0.22200786,0.200708213,0.196816932,0.200708213,0.016333143,5409339570,3416339570,20.48992261,3.730579014,19.67032571,48.29767473,1.379933564,1.379933564,2.356096255,27.55112556,12.42305298,30.50303187,0.01220112,0.020704931,0.080867347,0.348945358,-16.07258065,3.38801054,26.5,4.166666667,,0,0.184827586,0.08,0.012622488,-0.592727273,-0.112413793,-5.821428571,0,0.123533668,0.011769931,0.011101766,0.132610784,3625000000,3844000000,3042000000,0.080867347,16751000000,20464000000,2615000000,28.92413793,71.16485686,0.977295163,3.111587983,1.264669164,92.09090909,0.016836735,-0.008345775
31/12/2001,Q1,0.069887489,0.001931436,0.002134745,0.000304964,0.221962664,0.201580931,0.197768886,0.201580931,0.01616307,7880337521,6249337521,51.8443258,5.731154561,187.6270838,1313.389587,1.986973656,1.986973656,4.544972743,74.39687525,148.7937505,1041.556254,0.004822128,0.000761389,0.079425113,0.352172493,-19.41666667,3.338822039,6.666666667,1.105263158,,0,0.210181818,0.082181818,0.012250898,-0.857142857,-0.026181818,-1.285714286,0,0.093595754,0.004402377,0.006284108,0.131947579,3693000000,3891000000,3116000000,0.079425113,16767000000,20478500000,2621000000,32.59636364,78.38405037,2.172088143,2.761044177,1.148192771,41.43478261,0.009581442,-0.001829782
31/03/2002,Q2,0.07552458,0.002020725,0.000101036,-0.002071243,0.217682552,0.202779709,0.198687741,0.202779709,0.015862688,8646126456,7798126456,54.03829035,5.783362178,4323.063228,-210.8811331,2.15399264,2.15399264,5.216138097,89.63363742,3899.063228,-190.1982062,0.004626349,-0.004742008,0.077478824,0.359195402,-9.747126437,3.167934465,9.333333333,0.05,,0,0.180602007,0.074247492,0.012931034,-21.5,-0.028762542,-1.482758621,0,0.096018975,0.006147091,0.006469351,0.129073781,3705000000,3933000000,3164000000,0.077478824,16840000000,20557000000,2622500000,38.76923077,81.79558011,2.154696133,2.321428571,1.100303951,41.76923077,0.009965122,-0.002172279
30/06/2002,Q3,0.071604953,0.00160347,-0.001854012,-0.003407374,0.21576692,0.203740895,0.19878016,0.203740895,0.015934482,6314884953,5384884953,49.33503869,4.419093739,-170.6725663,-92.86595519,1.553095168,1.553095168,3.76828898,78.04181091,-145.5374312,-79.1894846,0.005067392,-0.010768209,0.077717659,0.353885269,-13.47826087,3.168218859,6.5,-1.15625,,0,0.190342897,0.074177747,0.015731765,0.837837838,-0.021693492,-1.107142857,0,0.085735517,0.00284153,0.00516629,0.128553189,3725000000,3967000000,3216000000,0.077717659,16831000000,20515500000,2626500000,39.42617215,78.38150289,2.947976879,2.282747604,1.148230088,30.52941176,0.007870143,-0.001553361
30/09/2002,Q4,0.072306471,-0.00225488,0.004159,0.00095206,0.217320281,0.20519404,0.199231136,0.20519404,0.015934482,5245763549,3309763549,-29.14313083,3.635317775,63.20197047,276.0928184,1.28101674,1.28101674,2.293668433,-114.1297776,39.87666927,174.1980815,-0.008578351,0.00362197,0.077167277,0.349793585,66.75862069,3.249698432,-8,-1.844444444,,0,0.194040194,0.081081081,0.018894887,-0.771084337,-0.044352044,-2.206896552,0,0.102031743,-0.003448276,-0.007282732,0.129292289,3730000000,3976000000,3185000000,0.077167277,16800500000,20519000000,2632000000,35.23908524,77.20338983,3.813559322,2.553982301,1.165751921,23.6,-0.010989011,-0.00320694
31/12/2002,Q1,0.073207636,-0.000397868,0.005470679,0.00447601,0.221910648,0.204702874,0.198933794,0.204702874,0.01601417,5048332803,2756332803,-157.7604001,3.429573915,45.89393457,56.0925867,1.226514286,1.226514286,1.872508697,119.8405566,25.05757093,30.62592003,-0.001584682,0.017827668,0.077745384,0.343435955,-99.65217391,3.375548589,-7,-13.75,,0,0.203125,0.082201087,0.018503749,-0.181818182,-0.013586957,-0.64516129,0,0.042807761,-0.002995293,-0.001300179,0.134466812,3789000000,4000000000,3231000000,0.077745384,16766500000,20472000000,2631500000,30.38722826,68.97748593,3.714821764,2.961770624,1.304773562,24.22727273,-0.001943635,-0.000994669
31/03/2003,Q2,0.073065233,0.000693501,0.004854504,0.002873074,0.224198809,0.205028473,0.199381398,0.205028473,0.015455154,5252347952,2152347952,93.79192771,3.560913866,53.59538726,90.55772331,1.268989599,1.268989599,1.45921895,43.04695904,21.9627342,37.10944744,0.002665475,0.01104268,0,0.349316145,-62,2.724464375,-0.5,7,,0,0.203389831,0.080677966,0.01792171,-0.408163265,-0.027118644,-1.379310345,0,0.056561607,-0.000229674,0.002241076,0.133424545,3461000000,4025000000,3246000000,0.074897318,16764000000,20524000000,2630000000,30.02033898,78.42005676,3.491012299,2.99796748,1.147665581,25.7804878,0.00338246,-0.00198143
30/06/2003,Q3,0.076468462,0.000940389,0.000395953,-0.001880778,0.224950912,0.207776442,0.202233097,0.207776442,0.015293692,6757647117,3557647117,88.91640944,4.373881629,844.7058897,-177.8328189,1.609730138,1.609730138,2.302684218,68.41629072,444.7058897,-93.62229256,0.00281163,-0.005623259,0,0.348237851,-61.53846154,2.738765432,4.5,0.421052632,,0,0.193527508,0.077669903,0.017388604,-5.75,-0.029773463,-1.916666667,0,0.066304522,0.002038043,0.003002054,0.13596043,3521000000,4086000000,3303000000,0.073130062,16802000000,20503500000,2628500000,33.08737864,70.9042077,3.061772605,2.720070423,1.269318182,29.39473684,0.004525965,-0.002276731
30/09/2003,Q4,0.084882467,0.002177743,0.003613073,0.000742412,0.225990289,0.209013795,0.203618933,0.209013795,0.01514521,7464801397,4372801397,42.4136443,4.352653876,102.2575534,497.6534265,1.767653658,1.767653658,2.549738424,49.13259997,59.901389,291.5200932,0.00589433,0.002009431,0,0.380337491,-34.74157303,2.497666525,15.5,1.659090909,,0,0.183090379,0.064723032,0.015994131,-0.794520548,-0.033819242,-2,0.009329446,0.101200349,0.006953791,0.006561288,0.127521677,3530000000,4114000000,3295000000,0.071986739,16901000000,20640500000,2637500000,40.19825073,82.49404289,4.003177125,2.238903394,1.090987868,22.48214286,0.010419133,-0.002870661
31/12/2003,Q1,0.098831366,0.003103876,0.010789666,0.008621879,0.23604241,0.213329917,0.208058254,0.213329917,0.014977435,7531702301,4109702301,29.88770754,3.754587388,34.39133471,43.03829886,1.739423164,1.739423164,2.048705035,33.68608444,18.76576393,23.48401315,0.008364643,0.023235119,0,0.378855257,-28.04918033,2.531066331,37,3.476190476,,0,0.170987039,0.059322034,0.015349304,-0.200913242,-0.021934197,-1.333333333,0.003489531,0.122058872,0.016125518,0.009178322,0.129771594,3647000000,4223000000,3388000000,0.069745958,16811000000,20606000000,2654000000,26.29112662,66.42857143,5.448979592,3.423208191,1.35483871,16.51685393,0.014549654,-0.002167787
31/03/2004,Q2,0.093306598,0.002248352,0.00298151,0.001270808,0.224541913,0.219458683,0.214277698,0.219458683,4.89E-05,9878979957,6720979957,53.69010846,5.174950213,161.9504911,379.9607676,2.200218253,2.200218253,3.520680962,66.54435601,110.1799993,258.4992291,0.004656351,0.002631851,0,0.333333333,-31.26732673,2.921212121,62,1.326086957,,0,0.180722892,0.06443164,0.015738679,-0.573770492,-0.018334206,-0.972222222,0.003143007,0.105365825,0.013038906,0.006939207,0.137797081,3804000000,4384000000,3539000000,0,16810500000,20559000000,2641000000,27.57988476,64.67730239,4.111675127,3.263247863,1.391523713,21.88888889,0.010244989,-0.001710702
30/06/2004,Q3,0.09589888,0.002904584,0.010047003,0.00823759,0.236461687,0.229128804,0.224414807,0.229128804,0,12638281100,9518281100,51.79623402,6.275214052,59.89706683,73.05364798,2.626409206,2.626409206,4.726058143,75.54191349,45.11033697,55.0189659,0.004826606,0.01368857,0,0.333794822,-24.76190476,2.916937355,,3.459016393,,0,0.175769613,0.062065541,0.013706216,-0.180094787,-0.018867925,-0.926829268,0.004965243,0.122369463,0.01578532,0.008562605,0.145836293,4131000000,4713000000,3875000000,0,16832500000,20594000000,2645500000,28.1082423,65.62886598,4.453608247,3.20190779,1.371347785,20.20833333,0.012676642,-0.001809413
30/09/2004,Q4,0.111897899,0.005047309,0.021093944,0.018284593,0.260174519,0.241699461,0.237080697,0.241699461,0,13984610670,11015610670,32.98257234,5.950898158,31.56796991,36.41825695,2.755045443,2.755045443,4.687493902,58.90700893,24.86593831,28.68648612,0.007579761,0.027458755,0,0.369440994,-15.87700535,2.661259902,,4.179245283,,0,0.161276596,0.051914894,0.012049689,-0.133182844,-0.025106383,-1.475,0.004255319,0.165675797,0.024634192,0.013328304,0.148609933,4404000000,4979000000,4081000000,0,16905000000,20789000000,2660000000,29.64255319,76.1013986,5.297202797,3.036175711,1.182632667,16.99009901,0.020882585,-0.002809352
31/12/2004,Q1,0.157969331,0.013352708,0.035079149,0.032453871,0.291858523,0.262075194,0.257729906,0.262075194,0,24917627404,22442627404,21.11663339,7.139721319,32.1517773,34.75261842,4.303562591,4.303562591,6.430552265,47.75027107,28.95822891,31.30073557,0.011839008,0.02877481,0,0.381542405,-5.265957447,2.581265509,,2.627118644,,0,0.134670487,0.035243553,0.010254219,-0.07483871,-0.016618911,-1.414634146,0.00286533,0.280600797,0.065656566,0.031836823,0.163072781,5098000000,5694000000,4750000000,0,16950500000,20932000000,2687500000,22.30659026,62.68243785,5.629510826,4.034682081,1.435808866,15.98717949,0.050949914,-0.002625278
31/03/2005,Q2,0.143312845,0.012815518,0.023686613,0.021786381,0.311859003,0.282206546,0.277212913,0.282206546,0,34371564858,32117564858,29.63065936,10.59869407,64.12605384,69.7191985,5.382330858,5.382330858,9.903658606,67.47387575,59.92082996,65.14719038,0.008437207,0.014343252,0,0.368410642,-4.735294118,2.687052506,,1.848275862,,0,0.137835338,0.036694419,0.011175947,-0.080223881,-0.013259328,-1.048780488,0.003083565,0.285261318,0.059476254,0.029005801,0.180301082,5655000000,6273000000,5282000000,0,16962000000,20950000000,2691500000,24.64384829,70.14065934,6.487912088,3.652027027,1.283135928,13.87195122,0.045411838,-0.001900232
30/06/2005,Q3,0.154233247,0.014021204,0.020681276,0.017920852,0.329761198,0.298870732,0.29409476,0.298870732,0,30777864139,27683864139,24.04520636,8.743711403,65.20733928,75.25150156,4.512221689,4.512221689,7.86473413,53.34077869,58.65225453,67.68670939,0.010397083,0.013288771,0,0.349637681,-5.961464355,3.002241435,,1.475,,0,0.134090909,0.041193182,0.01039283,-0.133474576,-0.017897727,-1.369565217,0.003125,0.307061672,0.057976918,0.030831487,0.200492267,6253000000,6712000000,5709000000,0,16931500000,20828500000,2706000000,21.14488636,55.61389338,7.015347334,4.256348247,1.618300654,12.82901554,0.046913942,-0.002760425
30/09/2005,Q4,0.161156217,0.018840993,0.03294983,0.028743469,0.361966151,0.325467204,0.322925861,0.325467204,0,43362894400,39871894400,25.21098512,11.78980272,57.6634234,66.10197317,5.837761766,5.837761766,10.84064557,75.37220113,53.02113617,60.78032683,0.009916312,0.015128141,0,0.353649035,-6.599243856,2.953828506,,1.748837209,,0,0.127786841,0.039967374,0.008310969,-0.127659574,-0.026101142,-1.882352941,0.002990756,0.371446929,0.051835317,0.037538193,0.216003224,6813000000,7370000000,6215000000,0,16965500000,20953000000,2692000000,21.9004894,60.57888763,5.61861521,4.109497207,1.485666105,16.01818182,0.057889068,-0.004206361
31/12/2005,Q1,0.247142663,0.024288677,0.012165833,0.008640751,0.37430356,0.360246219,0.35624826,0.360246219,0,59724846090,55574846090,26.42692305,10.38873649,211.041859,297.1385378,7.127069939,7.127069939,9.666871819,62.93867054,196.377548,276.4917716,0.009460049,0.003365434,0,0.409068472,-4.69988675,2.403557312,,0.500884956,,0,0.109932162,0.03165768,0.006558071,-0.28975265,-0.01426335,-1.576923077,0.007653505,0.443703552,0.082227826,0.040105054,0.173083692,7102000000,8287000000,6361000000,0,17183500000,21511500000,2731500000,20.83666725,62.27956989,5.247311828,4.31930879,1.445096685,17.15163934,0.067422434,-0.003525082
30/06/2006,Q2,0.185131074,0.017413109,-0.005308875,-0.013505777,0.349366418,0.368733192,0.364061382,0.368733192,0,52741875200,46395875200,32.15968,12.09953549,-421.9350016,-165.8549535,6.074853167,6.074853167,10.64369699,70.83339725,-371.1670016,-145.8989786,0.007773709,-0.006029365,0,0.375889584,-9.688549618,2.532764811,,-0.304878049,,0,0.135810966,0.040376233,0.007907411,1.544,-0.04427621,-3.86,0.009635237,0.3800892,0.055949233,0.029707992,0.159043264,6830000000,8572000000,6057000000,0,16948500000,21117500000,2711500000,17.77701308,61.95950359,5.996080993,5.06271777,1.45256167,15.00980392,0.047224142,-0.008196902
30/09/2006,Q4,0.202907062,0.02273633,0.04425614,0.038173543,0.424103866,0.418818298,0.411393334,0.418818298,0,65538854311,59146854311,30.23009885,13.54948404,62.12213679,72.02071902,6.564388453,6.564388453,12.22800379,75.15483394,56.06336902,64.9965432,0.008269903,0.013884893,0,0.419703575,-8.121982211,2.242157317,,1.946494465,,0,0.129212322,0.037006409,0.010287707,-0.137440758,-0.029977259,-2.196969697,0.008269589,0.462875574,0.056642445,0.031829927,0.166243681,8038000000,9807000000,7288000000,0,17144000000,21758500000,2744500000,23.29543105,89.08029197,7.094890511,3.86341853,1.010324484,12.68518519,0.054286859,-0.006082597
31/12/2006,Q1,0.296268869,0.041806598,0.075493389,0.064791899,0.494225609,0.467534345,0.459872578,0.467534345,0,72766504440,65607504440,18.11914951,10.22719669,40.13596494,46.76510568,6.480807307,6.480807307,9.221012571,43.1061133,36.18726114,42.16420594,0.013797557,0.021383465,0,0.423051231,-4.703679369,2.271228022,,1.805776892,,0,0.10035137,0.025860857,0.009454807,-0.078323221,-0.019957836,-1.918918919,0.006465214,0.663163222,0.109039921,0.052082793,0.208335519,9327000000,11044000000,8431000000,0,17328500000,22006000000,2761000000,20.50456781,71.43003064,5.570990807,4.389265885,1.25997426,16.15511551,0.089419309,-0.005912885
31/03/2007,Q2,0.21784397,0.031865474,0.03037566,0.021850611,0.52048321,0.50740595,0.495901272,0.50740595,0,80181601826,73086601826,26.03298761,15.23206722,109.2392395,151.8590944,6.539564622,6.539564622,13.88423287,60.75361748,99.57302701,138.4215944,0.009603201,0.006585052,0,0.344717011,-5.897755611,2.922333637,,0.953246753,,0,0.129179331,0.034764438,0.01485757,-0.280653951,-0.039133739,-2.985507246,0.011968085,0.603155415,0.074550129,0.041772907,0.286665118,10544000000,11983000000,9579000000,0,16982000000,21265000000,2713500000,15.8662614,63.32942899,5.481698389,5.672413793,1.421140241,16.41826923,0.06280075,-0.008525049
30/06/2007,Q3,0.222903724,0.033703373,0.050555059,0.038647633,0.567230235,0.552273849,0.540943253,0.552273849,0,1.05785E+11,98666993838,32.33037709,19.5536033,86.21433891,112.7771789,7.89204669,7.89204669,18.23789165,77.26467803,80.41319791,105.1886928,0.007732666,0.008867042,0,0.380791796,-5.574001566,2.680921053,,1.5,,0,0.137892791,0.03844732,0.012703839,-0.235533822,-0.053419593,-3.567901235,0.012014787,0.647150335,0.071033777,0.038274378,0.276342935,11753000000,13129000000,10502000000,0,17223000000,21893500000,2735000000,23.45656192,96.4568082,6.614934114,3.836879433,0.933060109,13.60557769,0.061026559,-0.011907426
30/09/2007,Q4,0.253505942,0.036861729,0.069156519,0.059614876,0.627383372,0.592560455,0.57543443,0.592560455,0,1.34418E+11,1.25066E+11,37.17318133,21.62107507,79.25602812,91.94132947,9.249808952,9.249808952,20.11681256,93.82312355,73.74187718,85.54461265,0.006725279,0.010876501,0,0.426677713,-7.015753938,2.365948276,,1.876106195,,0,0.132378961,0.033295802,0.016570008,-0.120872642,-0.032974103,-1.990291262,0.010937751,0.701044271,0.065973735,0.036265896,0.243505567,12676000000,14112000000,11141000000,0,17336500000,22548500000,2782500000,23.69792504,108.3838139,7.545432518,3.797800855,0.830382294,11.92774566,0.062207542,-0.008359131
31/12/2007,Q1,0.391778203,0.06446725,0.113643407,0.104183317,0.752240247,0.685204093,0.667833411,0.685204093,0,1.75023E+11,1.65861E+11,27.67601373,18.21639371,62.79982447,68.50219601,10.41556241,10.41556241,17.26281336,68.1994699,59.51241866,64.91628603,0.009033093,0.014598072,0,0.440593895,-3.767269737,2.485904129,,1.762808349,,0,0.099916736,0.025603664,0.014181564,-0.080373161,-0.023313905,-2.113207547,0.011448793,0.996944097,0.109003281,0.053388714,0.281223597,15654000000,16378000000,12954000000,0,17487500000,22746500000,2839000000,18.16298918,76.95028681,6.582217973,4.955131511,1.169586284,13.67320261,0.094084742,-0.00913388
31/03/2008,Q2,0.305027496,0.042432606,0.0484422,0.039712046,0.789693124,0.733048641,0.716522258,0.733048641,0,1.25784E+11,1.16714E+11,30.09183576,16.7443921,105.4349317,128.6133675,6.967477619,6.967477619,15.53699061,73.26671278,97.83224934,119.3393389,0.008307901,0.007775242,0,0.407535033,-5.693659761,2.775171268,,1.141626794,,0,0.117944622,0.036341853,0.013356962,-0.134115675,-0.021299255,-1.379310345,0.017571885,0.836580055,0.063108893,0.03475918,0.341359146,17102000000,17646000000,14318000000,0,17314500000,22140500000,2791500000,19.08546326,74.20801906,6.502580389,4.715630885,1.212806933,13.84065934,0.057885116,-0.006496858
30/06/2008,Q3,0.30164079,0.043322471,0.053385247,0.040049038,0.839534536,0.792979044,0.777177657,0.792979044,0,1.50315E+11,1.40942E+11,35.05480409,20.13866559,113.7887963,151.680121,7.660534092,7.660534092,18.8829046,86.62692069,106.693414,142.2219979,0.00713169,0.006592822,0,0.381185152,-5.76090965,3.036233456,,1.232276119,,0,0.122722401,0.039121115,0.012330884,-0.23012869,-0.040728832,-2.598290598,0.017818864,0.879181875,0.061891423,0.034229517,0.410664295,18770000000,19231000000,15901000000,0,17319500000,21905000000,2882000000,19.32877814,68.14761513,10.08429276,4.656269495,1.320662503,8.924770642,0.054632555,-0.012285477
30/09/2008,Q4,0.319058687,0.045908888,0.173572775,0.156518593,0.893566387,0.901083159,0.827289471,0.901083159,0,1.13331E+11,1.01456E+11,24.94070447,14.35472592,26.38662657,29.26169923,5.082771724,5.082771724,12.85060939,58.34132324,23.62178373,26.1956006,0.010023775,0.034174365,0,0.468563631,-6.828637148,2.641140745,,3.780809859,,0,0.126535782,0.037745408,0.01412615,-0.093830035,-0.051044965,-2.566878981,0.017859405,0.964766202,0.051114813,0.029118499,0.227927928,18645000000,20471000000,11464000000,0,17729000000,22823500000,2864000000,27.60987967,96.35376261,8.884794414,3.259702725,0.934057971,10.12966601,0.050948558,-0.01628634
31/12/2008,Q1,0.40837925,0.06446825,0.158178173,0.143999175,1.030166482,0.920188869,0.897454271,0.920188869,0,76297278577,69061278577,11.8843113,7.504404306,19.37462635,21.28236501,3.330449979,3.330449979,6.792689936,28.1652849,17.5371454,19.26395497,0.021036137,0.046987259,0,0.464580363,-2.951060359,2.382801382,,2.453582555,,0,0.107307957,0.030982591,0.013228317,-0.086084307,-0.033343169,-2.017857143,0.016720763,1.155321052,0.075847306,0.038014258,0.305832557,20406000000,22343000000,15285000000,0,17616000000,22421000000,2807500000,19.43936264,63.95629239,5.371514695,4.629781421,1.407211029,16.75505051,0.070059802,-0.013616658
31/03/2009,Q2,0.327134489,0.048290709,0.033703308,0.029054576,1.002402914,0.974270069,0.951306935,0.974270069,0,95222572306,90756572306,19.7557204,11.66514422,113.225413,131.341479,3.916851314,3.916851314,11.11804144,47.49166526,107.9150681,125.181479,0.012654563,0.007613741,0,0.437726947,-2.336996337,2.461857319,,0.697925311,,0,0.120666422,0.03907877,0.013252538,-0.118906064,-0.012250398,-0.552486188,0.022173221,1.028875276,0.056535305,0.028243953,0.308259034,20102000000,23738000000,14927000000,0,17484000000,22051500000,2765500000,21.30099228,68.92141757,5.408320493,4.22515528,1.30583501,16.64102564,0.04956604,-0.004007528
30/06/2009,Q3,0.333161018,0.049112977,0.090713148,0.079843555,0.967953243,1.0345295,1.011471577,1.0345295,0,1.273E+11,1.21695E+11,25.89510595,15.2693224,56.07944531,63.71388431,4.917349384,4.917349384,14.59701821,63.58168279,53.61028231,60.90857901,0.009654334,0.015695166,0,0.462235147,-2.928422153,2.110917712,,1.847030106,,0,0.121146695,0.040902003,0.011985875,-0.108370044,-0.029507017,-1.351648352,0.021470553,1.069204628,0.053114775,0.025839413,0.16682028,18509000000,25311000000,12918000000,0,17861000000,22490500000,2799500000,28.99604174,82.20925856,6.435829883,3.103871929,1.094767202,13.98421053,0.047473733,-0.009830588
30/09/2009,Q4,0.392524988,0.066216221,0.123683152,0.104911947,0.933151603,1.258307054,1.084633637,1.258307054,0,1.63774E+11,1.58511E+11,24.590704,16.59311942,52.66047867,62.08267197,5.176172208,5.176172208,16.0598874,64.93694742,50.96819571,60.08759995,0.010166443,0.016107554,0,0.483166515,-2.156083572,2.742482183,,1.867867868,,0,0.107700101,0.03627153,0.010380494,-0.147588424,-0.046504559,-2.261083744,0.018237082,1.369199626,0.051788877,0.031242963,0.007685456,20049000000,27273000000,5536000000,0,18198500000,22864000000,2837000000,30.64741641,80.57704604,6.545716113,2.936626004,1.116943403,13.74945055,0.052623262,-0.018254202
31/12/2009,Q1,0.619901613,0.133522135,0.228505466,0.213445687,0.980110973,1.413800987,1.39059865,1.413800987,0,1.91199E+11,1.8359E+11,14.1502755,12.19145078,33.0736071,35.40713382,5.345518973,5.345518973,11.70627575,36.96185275,31.75739883,33.99805974,0.017667501,0.028242896,0,0.336720691,-1.53191061,2.545010308,,1.711367673,,0,0.082127144,0.025377798,0.010885287,-0.06504065,-0.023975005,-1.799043062,0.013071479,2.060924271,0.115726567,0.063330771,0.365367631,20235000000,35181000000,15174000000,0,18063000000,23319000000,2897500000,17.73257668,63.19995686,5.591026747,5.075404531,1.424051605,16.09722222,0.094441959,-0.014862144
31/03/2010,Q2,0.531219443,0.120969595,0.091691333,0.079846229,0.911207215,1.548442302,1.516055192,1.548442302,0,2.09553E+11,1.99535E+11,17.04235882,15.52358279,89.93684296,103.2788783,5.325628853,5.325628853,14.78145374,47.0046747,85.63727214,98.34147072,0.014669331,0.009682522,0,0.310373837,-2.359952886,2.644206395,,0.757970072,,0,0.090377065,0.031557893,0.014424172,-0.278969957,-0.048151715,-3.009259259,0.032298689,2.052942978,0.088761488,0.054664438,0.312045675,20107000000,38525000000,14627000000,0,17961000000,22896500000,2928500000,19.24142529,64.76250953,7.292354585,4.677408177,1.389692905,12.34169279,0.078123412,-0.025579127
30/06/2010,Q3,0.614685518,0.127361273,0.187968482,0.163459366,0.950922412,1.687879451,1.647474645,1.687879451,0,2.43283E+11,2.33578E+11,18.6968137,15.49572866,50.67338886,58.27136285,5.643175521,5.643175521,14.87757579,51.16712813,48.65193499,55.94681195,0.013371262,0.017161088,0,0.333935883,-2.125958379,2.308032283,,1.475868429,,0,0.091592357,0.02955414,0.01594438,-0.123932514,-0.037898089,-2.179487179,0.013949045,2.199280726,0.086209354,0.051073116,0.224350426,20421000000,42079000000,14419000000,0,18241500000,24298000000,3080500000,19.75987261,79.695734,8.864491844,4.554685234,1.129295076,10.15286624,0.07545638,-0.023295407
30/09/2010,Q4,0.796467994,0.168666574,0.222500497,0.190669966,1.003072801,1.871110548,1.828708993,1.871110548,0,2.66653E+11,2.55392E+11,15.4743168,13.10787136,46.92124354,54.75429713,5.579574126,5.579574126,12.55431485,44.10922747,44.9397197,52.4419768,0.016155802,0.018263407,0,0.364337683,-1.944905009,2.011292346,,1.31917363,,0,0.077225581,0.024283537,0.014404852,-0.133732184,-0.037359288,-2.310030395,0.011011159,2.664744009,0.100016526,0.058137652,0.11299251,20956000000,46708000000,14286000000,0,19273000000,26071000000,3135000000,24.37693556,84.27636194,7.371989712,3.692014519,1.067915106,12.20837298,0.090142495,-0.029755477
31/12/2010,Q1,1.038879525,0.233253531,0.379678008,0.330610851,1.048048052,2.123757082,2.074689925,2.123757082,0,2.98476E+11,2.87742E+11,12.42822987,11.16175044,30.54091564,35.07360383,5.460000157,5.460000157,10.76034436,34.58857658,29.4425835,33.81226423,0.020115495,0.02851147,0,0.369786263,-1.290299315,1.846060097,,1.627748168,,0,0.07090236,0.021502562,0.014560421,-0.124219789,-0.045398452,-3.41011236,0.011181332,3.338549289,0.124342701,0.070239474,-0.00529327,20132000000,53403000000,11851000000,0,19531500000,27214000000,3052000000,20.28458173,78.27586207,4.844006568,4.43686743,1.149779736,18.57966102,0.109830608,-0.047163522
31/03/2011,Q2,0.954254877,0.231610003,0.240585036,0.215207357,1.130931491,2.378267608,2.329988122,2.378267608,0,3.2454E+11,3.08562E+11,13.55187581,13.15686228,52.18529054,58.33908356,5.279052684,5.279052684,12.50911428,37.02451666,49.61606719,55.4668923,0.018447631,0.017141167,0,0.352219085,-1.917206623,1.931886381,,1.038750626,,0,0.071472007,0.023553736,0.013150131,-0.100337675,-0.025296955,-1.437788018,0.011634978,3.520466985,0.111566091,0.063925429,0.024004344,22670000000,60229000000,13570000000,0,19417000000,26920500000,3074500000,21.15457899,85.4218285,5.792788428,4.254398068,1.053594867,15.53655914,0.097386014,-0.024139743
30/06/2011,Q3,1.101807626,0.281824582,0.428367194,0.391268775,1.095020389,2.67413273,2.600475785,2.67413273,0,3.02235E+11,2.90144E+11,10.33919479,10.57839565,27.20879925,29.78862035,4.358555905,4.358555905,10.1552043,28.92188418,26.12030447,28.59691919,0.024179833,0.033569866,0,0.350465539,-1.205243222,1.746081388,,1.519978106,,0,0.067026005,0.02198033,0.017890931,-0.069949586,-0.027195408,-1.615384615,0.009940149,4.117865664,0.117385699,0.0697009,-0.154216818,20039000000,67433000000,9483000000,0,19569000000,27698500000,3054000000,19.22158832,82.54549823,4.805694036,4.682235333,1.090307793,18.72778403,0.105389152,-0.029964108
30/09/2011,Q4,1.087649047,0.254810741,0.401241313,0.225378426,0.998467211,2.94765588,2.777140826,2.94765588,0,3.75304E+11,3.65489E+11,14.16667716,13.27568488,35.98653864,64.0668507,4.898565704,4.898565704,12.92849704,39.15669717,35.04541293,62.39136419,0.017647046,0.015608696,0,0.341631506,-1.051532033,1.608437612,,1.57466405,,0,0.071630704,0.022815706,0.03808509,-0.157733244,-0.058188893,-3.02946593,0.01054121,4.110915166,0.098528297,0.059166153,-0.361238373,17018000000,72183000000,5232000000,0,19202500000,27379500000,2997500000,17.09267775,77.96802842,4.134991119,5.265412554,1.1543193,21.76546392,0.086445213,-0.063289094
31/12/2011,Q1,1.777311633,0.501128767,0.673363011,0.618547257,1.15676968,3.4544282,3.286873817,3.4544282,0,3.77072E+11,3.66762E+11,7.215852963,8.138294789,21.48066608,23.38428604,4.187172279,4.187172279,7.915775202,20.15395167,20.89333556,22.7449062,0.034645939,0.04276376,0,0.350639237,-0.566545774,1.582656688,,1.34369259,,0,0.056223426,0.01635983,0.031496744,-0.081405947,-0.030841949,-1.981969487,0.009064813,6.240997538,0.166612218,0.097265343,-0.210593764,20164000000,85686000000,6144000000,0,24760000000,29174000000,3227500000,32.01951093,63.98322279,4.340226297,2.810786217,1.406618737,20.73624595,0.145068514,-0.054815754
31/03/2012,Q2,1.499064892,0.444600933,0.534691727,0.47696476,1.09172444,3.921072661,3.739552146,3.921072661,0,5.59729E+11,5.49608E+11,12.04029186,14.28390466,40.04643973,44.89325378,5.460878145,5.460878145,14.02562364,33.77630827,39.32232154,44.08149568,0.020763616,0.022275062,0,0.320908477,-0.621988692,1.58296916,,1.202632938,,0,0.059689685,0.021461747,0.031437582,-0.107963082,-0.038508651,-2.039189189,0.010820191,6.262949202,0.129388215,0.079499826,-0.345070691,18676000000,97753000000,2276000000,0,23402500000,28569000000,3160500000,31.62379421,74.24061682,4.809426826,2.845958312,1.212274411,18.71324864,0.113387578,-0.057726967
30/06/2012,Q3,1.335497299,0.336476834,0.388527025,0.275541886,1.054502536,4.261099312,4.052860419,4.261099312,0,5.46972E+11,5.39027E+11,15.49671543,15.61751043,53.68260553,75.69499969,4.894779838,4.894779838,15.3906595,42.45644831,52.90284304,74.59549789,0.016132451,0.013210912,0,0.314004027,-0.62578765,1.571173624,,1.15469175,,0,0.072666533,0.025012135,0.033524457,-0.290803808,-0.084601548,-3.548502994,0.012791594,5.679755907,0.089135525,0.056048528,-0.46564901,18883000000,1.06285E+11,793000000,0,23667000000,28467500000,3170500000,36.74214088,75.52648659,5.04168955,2.449503427,1.191634936,17.85115865,0.078964795,-0.112985138
30/09/2012,Q4,1.368902416,0.312975715,0.347725421,0.214473812,1.108679266,4.499192421,4.295223449,4.499192421,0,6.25969E+11,6.15223E+11,19.03103009,17.40445536,68.5167077,111.0858281,5.295394988,5.295394988,17.10567318,51.81258561,67.34048178,109.1788184,0.013136441,0.009002048,0,0.328596419,-0.905002527,1.495848685,,1.111030038,0.00397464,0.302565973,0.070928099,0.025190458,0.030437795,-0.378830998,-0.096229773,-3.52803262,0.012456209,5.628774664,0.079579994,0.048170821,-0.766244326,19111000000,1.12851E+11,-201000000,0,21983000000,30651000000,3005000000,27.35083134,88.37236262,3.301182472,3.290576395,1.018417946,27.26295828,0.069562643,-0.131729168
31/12/2012,Q1,2.073515781,0.497458163,0.891073171,0.797690407,1.514664631,4.843959873,4.621705091,4.843959873,0,4.78462E+11,4.62308E+11,9.146317898,8.777190011,20.424408,22.81542043,3.757182651,3.757182651,8.480851591,24.00354008,19.73483232,22.04511859,0.027333404,0.043830005,0,0.350567092,-0.838733126,1.543292306,,1.791252485,0.005210443,0.190625478,0.05209862,0.018528031,0.029797846,-0.098907197,-0.042504403,-1.45906801,0.009997799,7.363254447,0.115341568,0.068742937,-0.741584672,25469000000,1.21503E+11,3606000000,0,22317000000,33262500000,3337000000,19.14844438,71.02176253,3.914564152,4.70012071,1.267217213,22.99106529,0.10269659,-0.08813355
31/03/2013,Q2,1.657303042,0.362871182,0.475263565,0.387881053,1.487555195,5.149828891,4.939411497,5.149828891,0,4.03016E+11,3.90963E+11,10.55347928,9.242856383,32.23098743,39.49203987,2.974509313,2.974509313,8.966430449,26.78380947,31.26705589,38.31095217,0.02368887,0.025321559,0,0.304262541,-0.825717613,1.783738876,,1.309730805,0.006180892,0.260919661,0.061280187,0.025663372,0.028427209,-0.160588612,-0.046051877,-1.186761229,0.013187166,6.484311927,0.078864571,0.050457964,-0.538985524,27829000000,1.29954E+11,4084000000,0,20060000000,27519500000,3232000000,14.62192968,49.24341381,4.111323109,6.15513834,1.827655579,21.89076305,0.070462765,-0.076321916
30/06/2013,Q3,1.373297404,0.268260116,0.304339158,0.22596055,1.6564479,4.795791069,1.531881898,4.795791069,0.661358382,3.6426E+11,3.6997E+11,13.1978117,10.31224989,46.53290788,62.67371006,2.952961419,2.952961419,10.47390094,33.08617447,47.26234069,63.65616017,0.018942534,0.015955653,0.137474261,0.628203549,0.510642103,1.878328148,173.6037736,1.134492754,0.007717024,0.407391304,0.07488039,0.033349376,0.048243129,-0.240802248,-0.053364663,-1.112750885,0.016363276,5.380212641,0.107664404,0.059532027,-1.02709606,31900000000,39402000000,-8283000000,0.137474261,20937500000,27821500000,3458000000,22.5210203,62.62343603,6.849186062,3.996266546,1.43716164,13.1402475,0.055936573,-0.073285553
30/09/2013,Q4,1.480137668,0.296722731,0.391364326,0.300277715,1.601560149,4.880164623,4.652803595,4.880164623,0.67319562,4.36485E+11,4.39186E+11,14.52624809,11.64828946,44.05376491,57.41708797,3.532887378,3.532887378,11.72036995,36.57138002,44.3263729,57.7723892,0.017210225,0.017416418,0.13727347,0.403144928,0.224914647,1.678638508,120.8433735,1.318956337,0.006343865,0.368610224,0.071333262,0.03116994,0.027806763,-0.197315301,-0.052172289,-1.096466629,0.014811059,5.707999202,0.061404905,0.037327821,-1.271756309,29628000000,1.17793E+11,-10165000000,0.13727347,23069000000,31247000000,3491500000,31.46829633,85.29426719,6.726833609,2.860021371,1.055170564,13.3792517,0.060801787,-0.07722217
31/12/2013,Q1,2.29549475,0.521004052,0.903546654,0.822079986,1.62259761,5.168749195,4.924548474,5.168749195,0.679353891,5.01881E+11,5.04765E+11,9.59839656,8.71411882,22.13855136,24.33244251,3.870029914,3.870029914,8.76419348,25.31799966,22.26576794,24.47226604,0.026046017,0.041097395,0.130787144,0.424097627,0.144655665,1.494299689,207.8928571,1.734241126,0.005517245,0.211826805,0.053008994,0.023092683,0.02720886,-0.087560653,-0.034465396,-0.925839552,0.011824148,7.784030683,0.101875565,0.059673966,-1.716937925,26578000000,1.23557E+11,-15153000000,0.130787144,23618000000,34857500000,3670500000,22.18981144,74.49144008,5.342396777,4.055915493,1.20819251,16.84637135,0.100798865,-0.079115135
31/03/2014,Q2,1.863619595,0.417381219,0.552724928,0.492055018,1.688223946,4.906627947,4.662356027,4.906627947,0.695989205,4.69622E+11,4.67635E+11,11.48444763,10.28835018,34.68917362,38.96631534,3.90768797,3.90768797,10.24481954,29.6158982,34.54240158,38.80144644,0.02176857,0.025663191,0.141139467,0.416575642,-0.125839139,1.632591187,159.9176471,1.324268806,0.005666259,0.260295412,0.064233449,0.031152784,0.02904524,-0.102083026,-0.030276475,-0.732379438,0.015247776,6.788116303,0.083504832,0.051113467,-1.480839822,27333000000,1.14196E+11,-15269000000,0.141139467,21368000000,29520500000,3524000000,19.12544363,61.45564822,5.94281382,4.705773196,1.464470762,15.14434117,0.085064778,-0.056423833
30/06/2014,Q3,1.55638917,0.322154929,0.426393752,0.325314941,1.571898178,5.028577321,4.773240019,5.028577321,1.294773423,5.53042E+11,5.71105E+11,17.84467577,14.77458301,53.9290289,70.68535166,4.572864159,4.572864159,15.25713805,45.57902565,55.69041359,72.9940173,0.014009781,0.014147203,0.240036382,0.456498292,1.441580208,1.47059842,102.82,1.323567372,0.005184053,0.370030976,0.076138064,0.042824321,0.027597519,-0.231886884,-0.063528532,-1.221993834,0.01934174,6.037348076,0.058316082,0.035807541,-2.282152501,21744000000,1.14799E+11,-33631000000,0.256656193,21912000000,30331000000,3406500000,25.93823467,81.42706085,6.320659118,3.469781238,1.105283662,14.23902133,0.064064826,-0.098875119
30/09/2014,Q4,1.774692463,0.356724855,0.558238377,0.395949001,1.056524058,4.69960877,4.330623736,4.69960877,1.49186573,5.97835E+11,6.19286E+11,17.65190988,14.19259986,45.11961387,63.6129904,5.35948868,5.35948868,14.70184659,45.68352639,46.73855726,65.89549731,0.014162773,0.01572006,0.259863555,0.518860071,1.582398938,1.080112848,97.08695652,1.56489902,0.004732076,0.334120704,0.074970919,0.040025639,0.037776215,-0.288754717,-0.090829238,-1.943118334,0.01808988,6.141702804,0.066304019,0.037954824,-3.415344519,5083000000,1.02789E+11,-51761000000,0.316413709,25248000000,35161500000,3665000000,37.30503525,104.0683158,7.275407827,2.412542955,0.864816532,12.37044055,0.075905224,-0.161193964
31/12/2014,Q1,3.191765921,0.771168366,1.442817335,1.303122222,1.388950215,5.276667348,4.891639378,5.276667348,1.563130553,6.66053E+11,6.82978E+11,9.238416747,8.928442658,19.75128681,21.86863098,5.400662411,5.400662411,9.155322374,25.1816936,20.25318468,22.42433246,0.027060914,0.0457276,0.263557343,0.529091923,0.624032151,1.133023597,185.0839695,1.870949845,0.004205372,0.155403906,0.04825802,0.025402485,0.03436123,-0.095397663,-0.043123902,-1.249320388,0.011903645,9.56854096,0.128774239,0.071270685,-3.954665962,9792000000,1.14329E+11,-55163000000,0.295172224,24872500000,39064000000,3751000000,20.15858121,76.24258772,4.580453877,4.464599916,1.18044262,19.64870784,0.14614686,-0.137641402
31/03/2015,Q2,2.503107201,0.585496666,0.823337158,0.716498795,1.428078537,5.566554863,5.188046738,5.566554863,1.900048655,7.14086E+11,7.43468E+11,13.15656509,12.30970051,37.42391524,43.00425936,5.535290814,5.535290814,12.81619939,35.05930995,38.96377164,44.77372639,0.01900192,0.023253511,0.310621211,0.506091258,1.385551259,1.1560047,112.1349693,1.40622006,0.003841275,0.202151964,0.059644889,0.033063265,0.033584232,-0.124154919,-0.040837787,-0.955627269,0.015980003,8.563409636,0.090277332,0.053755219,-3.871175458,9162000000,1.20234E+11,-64297000000,0.340069454,21970500000,31643000000,3807500000,16.91863472,60.67153752,6.276998312,5.319578175,1.483397383,14.33806344,0.105181154,-0.102221358
30/06/2015,Q3,2.164310075,0.465846964,0.653939712,0.562794792,1.51412262,5.483398797,5.098443494,5.483398797,2.383075335,7.26263E+11,7.65362E+11,17.00531635,14.64092431,48.45630174,56.30382592,5.778806389,5.778806389,15.42913115,43.09956361,51.06498869,59.33499112,0.014701285,0.017760782,0.377308497,0.539899177,2.201768217,1.086819331,70.06467662,1.403765103,0.004203711,0.285941744,0.071847596,0.041003931,0.032300815,-0.136309047,-0.041185364,-0.662451362,0.017256325,7.581197492,0.067750378,0.040392997,-4.536412243,5668000000,1.16854E+11,-76521000000,0.432998878,21703000000,33300500000,3630500000,18.81463562,79.62371341,6.141558615,4.783510125,1.130316537,14.65426053,0.084955879,-0.089137899
30/09/2015,Q4,2.280049854,0.492481206,0.596564567,0.434617763,1.841757519,5.284078956,4.885232931,5.284078956,2.85846292,6.47758E+11,6.90966E+11,14.55766214,12.57757586,48.07107491,65.98326723,5.427152062,5.427152062,13.41654986,37.51374854,51.27760552,70.38461183,0.017173087,0.015155357,0.446809937,0.589109712,2.345838536,1.108770624,61.44117647,1.21134484,0.004575785,0.266450917,0.071940351,0.043105959,0.03101429,-0.268497217,-0.070251063,-1.159987175,0.017766645,7.651925603,0.069676798,0.039521086,-5.122785163,8768000000,1.10346E+11,-81746000000,0.538963596,24942500000,37808500000,3784000000,29.44428264,103.1919362,6.83003263,3.056620571,0.872161172,13.17709664,0.093200955,-0.160175926
31/12/2015,Q1,3.412167449,0.825743443,1.235084809,1.054924239,1.712289955,5.768511206,5.358090496,5.768511206,2.844027538,5.93805E+11,6.40079E+11,8.085138372,7.826403714,21.62199696,25.31461409,4.629444071,4.629444071,8.436299328,23.02193658,23.30695491,27.28733012,0.03092093,0.039502874,0.414791022,0.562652582,1.664352768,1.001669032,87.57608696,1.495724634,0.004999959,0.161701432,0.050716997,0.031684943,0.031116597,-0.131522412,-0.047606495,-1.222748815,0.01420814,10.3525109,0.111288629,0.06461546,-5.216954972,127000000,1.19141E+11,-88798000000,0.490874504,22994500000,36719500000,3835000000,15.36495677,65.96580783,4.853572136,5.857484753,1.36434318,18.54304366,0.143146717,-0.162441333
31/03/2016,Q2,2.292052363,0.47675342,0.525942984,0.40811471,2.506310318,5.914399096,5.502204146,5.914399096,3.635630182,5.80058E+11,6.38416E+11,13.78988588,11.47334216,50.00066886,64.43654293,4.446352127,4.446352127,12.62764324,37.68688072,55.03109727,70.91932453,0.018129229,0.015519144,0.531776754,0.57266024,3.44498229,1.283117264,43.57320872,1.103176113,0.00500295,0.275960441,0.067705758,0.049666713,0.029782787,-0.201361952,-0.046205273,-0.943076302,0.020729078,7.965141235,0.05901389,0.035504837,-4.951813721,19327000000,1.21365E+11,-87228000000,0.612247714,22632500000,32612500000,3750000000,21.7696857,73.73090482,6.700940071,4.134189222,1.220655032,13.43095134,0.080608936,-0.105904906
30/06/2016,Q3,1.945505633,0.358070776,0.488420296,0.354993461,2.836457006,5.812036175,5.409367308,5.812036175,3.919855346,5.08382E+11,5.7508E+11,16.30264293,12.00202128,47.80718612,65.77585939,4.017524891,4.017524891,13.57664708,42.9035823,54.07933207,74.4054363,0.015334937,0.015203146,0.544795758,0.585928757,4.97597732,1.311599474,24.70660147,1.364032837,0.006268913,0.408799384,0.08123613,0.060437226,0.028687639,-0.273180365,-0.068582086,-1.150039588,0.024883139,6.84289462,0.043162364,0.026263749,-4.689826932,22275000000,1.17774E+11,-85300000000,0.67120538,26039000000,33222500000,3525000000,40.45941735,90.22626847,6.27723602,2.224451213,0.997492211,14.33752048,0.061608491,-0.133426835
30/09/2016,Q4,2.182446815,0.419887637,0.751176841,0.563079849,3.128195506,5.974059198,5.572524759,5.974059198,4.075062159,6.04905E+11,6.71453E+11,16.77680973,12.91096755,37.51114049,50.04174814,4.716642247,4.716642247,14.33135515,44.21524111,41.63789232,55.54704265,0.014901522,0.019983315,0.588129342,0.601322408,4.382194126,1.352669418,26.13555556,1.788994897,0.005111549,0.343021966,0.074319133,0.054853581,0.026796317,-0.246620365,-0.084884317,-1.560832025,0.02198412,7.512639753,0.048462997,0.028792651,-5.282390507,27863000000,1.19629E+11,-86568000000,0.678617377,24395000000,38710500000,3675500000,30.26252881,115.5845587,6.607665553,2.973974864,0.778650721,13.62054409,0.070285148,-0.185255506
31/12/2016,Q1,3.696735836,0.844128356,1.276548924,1.115187403,2.852230026,6.246389418,5.856149318,6.246389418,4.15548381,6.13691E+11,6.84869E+11,8.575413854,7.832585634,22.68224856,25.96424594,4.635477884,4.635477884,8.741036069,24.73165236,25.31301438,28.97566919,0.029153112,0.038514502,0.55560843,0.600200519,2.570345226,1.228242006,44.49333333,1.512268738,0.005100287,0.174948298,0.05036311,0.0366428,0.024977276,-0.126404494,-0.04364973,-1.1449615,0.016030427,10.89206017,0.094566639,0.055412395,-5.471205367,19202000000,1.24119E+11,-95419000000,0.66129617,30506500000,39318500000,3965500000,32.13653942,71.94395433,5.066528282,2.800550452,1.250973773,17.76364307,0.135138606,-0.161361521
31/03/2017,,,,,,,,,,,,,,,,,,,,,,,,,,,,,,,,,,,,,,,,,,,,,,,,,,,,,,,,,,
30/06/2017,Q2,2.530526001,0.527623474,0.601344371,0.463135629,3.210088195,6.414435633,6.027412884,6.414435633,4.738612777,7.50737E+11,8.34102E+11,17.01734418,14.19270183,59.72451519,77.54748022,5.599089781,5.599089781,15.76871892,47.53802325,66.35657565,86.15867741,0.014690894,0.012895326,0.630442565,0.599195294,4.751225351,1.390608383,26.59811321,1.13972255,0.0040014,0.272372835,0.070288869,0.052480339,0.024183038,-0.236674622,-0.056242438,-1.275728988,0.023007411,8.726348218,0.053972204,0.033785481,-5.894311024,28648000000,1.25992E+11,-98460000000,0.734789159,22307500000,34350000000,4064500000,19.70111162,79.60284786,8.107104163,4.568270144,1.130612816,11.10137457,0.082255635,-0.142322952
30/09/2017,Q4,2.55266216,0.52015486,0.760084421,0.565888095,3.60141942,6.507858737,6.118737848,6.507858737,5.648491444,7.9363E+11,8.89021E+11,18.51852303,15.09404558,50.69173625,68.08766496,5.920534012,5.920534012,16.90828701,52.09004645,56.78467187,76.27151877,0.013499997,0.014686948,0.725171022,0.642845153,5.589207242,1.276062848,19.6996997,1.461265634,0.004120309,0.305208139,0.072538466,0.056999943,0.021355167,-0.255493102,-0.076076,-1.610305958,0.022328306,8.727234549,0.047795122,0.029169298,-6.695343153,27831000000,1.26032E+11,-1.12627E+11,0.862980895,34354500000,44588000000,5037000000,61.06183077,135.2122642,13.38366822,1.473915847,0.665620094,6.7246138,0.07992719,-0.194196326
31/12/2017,Q1,4.317187759,0.981101247,1.383418768,1.23849058,3.77248465,6.855191314,6.462164061,6.855191314,6.020778517,8.65252E+11,9.60161E+11,10.78061493,9.799782024,30.58184548,34.16053355,6.171600042,6.171600042,10.87471435,31.47140694,33.93635013,37.90758239,0.023189772,0.029273547,0.741246371,0.655356274,3.110852535,1.242011262,35.79564033,1.410067281,0.003858991,0.16640917,0.047919994,0.03858743,0.019759387,-0.099317852,-0.031825853,-1.023679417,0.0146784,12.30149693,0.090286798,0.050318992,-8.295305168,28022000000,1.32161E+11,-1.22785E+11,0.873044744,28238000000,51556000000,4820000000,23.89317386,104.2395322,7.31670988,3.766766212,0.863396047,12.30061072,0.143117997,-0.137398181
31/03/2018,Q2,3.041716245,0.687678524,0.752754744,0.551705047,4.375231473,6.312492823,6.312492823,6.312492823,6.101243871,8.37546E+11,9.14327E+11,15.14879283,13.69950207,55.35667271,75.52948491,6.601195307,6.601195307,14.9553864,46.41491742,60.43142486,82.45355381,0.016502965,0.013239863,0.798893425,0.65475562,3.897710544,1.456034483,20.06818182,1.094631746,0.003808744,0.230791492,0.067880334,0.055252956,0,-0.267085261,-0.066097453,-1.475355969,0.022048841,9.882900857,0.057135257,0.03761068,-6.569663297,40733000000,,-1.10571E+11,0.960292565,27722000000,37219000000,6440500000,32.98689828,81.87697203,18.28397189,2.728355944,1.099210166,4.922344035,0.108939296,-0.201049697
30/06/2018,Q3,2.727528575,0.589850777,0.741883676,0.57459116,3.634144428,5.886166942,5.886166942,5.886166942,5.911616706,9.03738E+11,9.86367E+11,19.61407096,16.966825,62.37837751,80.53987464,7.862077385,7.862077385,18.51810632,58.72979657,68.08164918,87.90365684,0.012745952,0.01241621,0.844966028,0.670819051,4.9198571,1.307324841,14.90780142,1.257748068,0.004042101,0.317128223,0.077123815,0.069482775,0,-0.225496963,-0.061334835,-1.225891182,0.025363747,8.83850119,0.048386911,0.03298711,-7.196330543,27213000000,,-1.18487E+11,0.996963871,29701500000,39308000000,5577500000,44.55139397,105.4685787,16.26598465,2.02013881,0.853334719,5.533018868,0.100209658,-0.167292516
30/09/2018,Q4,3.274957519,0.735433624,1.016486417,0.858153415,3.452034316,5.578726126,5.578726126,5.578726126,6.005876388,1.08391E+12,1.17248E+12,19.18426053,17.2322849,55.51968038,65.76330057,10.1161089,10.1161089,18.64039301,58.49826473,60.05638068,71.13704163,0.013031516,0.015206049,0.874826173,0.707028505,4.418999152,1.123842692,18.56912442,1.382159292,0.003256726,0.249911504,0.067027027,0.059618442,0,-0.155764995,-0.048346582,-1.104212055,0.021383148,9.607945274,0.064767599,0.038621915,-7.99489242,14473000000,,-1.27239E+11,1.068466686,41015500000,48007500000,4587500000,70.10413355,129.5836768,9.172506183,1.28380447,0.694531921,9.811931244,0.131828236,-0.158333002
31/12/2018,Q1,4.450654797,1.053935749,1.408942907,1.231835247,4.562409467,6.223420654,6.223420654,6.223420654,6.103483663,7.39877E+11,8.09836E+11,9.264677431,8.775674768,27.72113674,31.7067555,6.275889286,6.275889286,9.605457712,28.72676172,30.34230572,34.70478421,0.02698421,0.03153902,0.788764293,0.684543735,2.481607605,1.300555027,26.23146067,1.336839469,0.004822422,0.178712747,0.056731111,0.04628158,0,-0.12570251,-0.039793619,-0.988217968,0.018491282,12.14822719,0.087953405,0.053422491,-7.346681778,32545000000,,-1.14999E+11,0.973178842,35008500000,42210000000,5103500000,39.47681177,76.25184108,8.587004342,2.279819367,1.18029937,10.48095429,0.169349913,-0.17710766
31/03/2019,Q2,3.103023039,0.618358172,0.596642627,0.470253875,4.283845924,5.662087718,-1.708467843,5.662087718,6.078213189,8.8784E+11,9.62482E+11,19.1990262,15.30362437,79.59119388,100.9826851,8.386923935,8.386923935,16.59022266,53.94170082,86.28254305,109.4724486,0.013021494,0.009902688,0.852078217,1.156428138,4.183265146,1.31538199,13.28217822,0.964881931,0.003877952,0.297811608,0.076842196,0.068051366,0,-0.211833259,-0.040730845,-0.777302632,0.026096699,8.875638555,0.121486271,0.056617172,-7.610616634,29574000000,,-1.12792E+11,1.06395239,24060500000,35285000000,5051500000,23.40170646,75.69956346,12.14455435,3.845873384,1.188910423,7.410728911,0.109210278,-0.126388752
30/06/2019,Q3,2.943191895,0.549376859,0.636454513,0.527060475,5.175103755,5.275855664,5.275855664,5.275855664,5.977509023,9.0462E+11,9.62508E+11,22.51641984,16.81167989,77.74318351,93.87917013,9.378573478,9.378573478,17.88748506,61.26719818,82.71808898,99.88664211,0.011103008,0.01065199,0.880567305,0.700669379,3.68478676,1.504648622,13.33025404,1.158502589,0.004011631,0.361310235,0.082253898,0.07911316,0,-0.171880371,-0.037168503,-0.68189567,0.027802041,8.075564548,0.04964414,0.031169412,-5.996762374,45269000000,,-90810000000,1.124015095,29755000000,34621000000,4287000000,44.27995317,78.02840808,8.991423977,2.032522475,1.153426069,10.009538,0.104130381,-0.109394038
30/09/2019,Q4,3.565056832,0.761888941,1.108374165,0.953780742,5.597929729,5.037396355,5.037396355,5.037396355,6.059984252,9.8268E+11,1.04188E+12,17.95045152,15.34477698,49.35607824,57.35595154,10.85977718,10.85977718,16.26924606,51.7937223,52.32960913,60.81144678,0.013927226,0.017434982,1.014576518,0.732692103,2.943080135,1.540125617,19.29012346,1.454771299,0.00354032,0.254201374,0.071486571,0.064178638,0,-0.139477649,-0.043363523,-0.87354514,0.023407245,9.292662318,0.067118274,0.040429404,-6.182901889,57101000000,,-85209000000,1.19404783,39420000000,43181500000,4662500000,64.37164272,104.7458907,9.301986055,1.398131168,0.859222251,9.675353142,0.151246574,-0.154593423
31/12/2019,Q1,5.199216768,1.25910524,1.727957165,1.608649072,6.068008444,5.069659618,5.069659618,5.069659618,6.176444608,1.27948E+12,1.348E+12,14.38521473,13.93479061,41.92812095,45.03778869,14.29089968,14.29089968,14.68105228,45.66548796,44.1735332,47.44973561,0.017378955,0.022203577,1.039617563,0.737151296,2.32125072,1.597781932,32.57197452,1.372369131,0.002765971,0.159156323,0.056600486,0.048475806,0,-0.069045746,-0.02294732,-0.748224432,0.018623596,11.9842725,0.107226879,0.065281342,-6.337258553,61070000000,,-87856000000,1.209547531,36491000000,42619000000,4658000000,39.1546412,71.7287375,6.514434119,2.29857808,1.254727228,13.81547474,0.248360903,-0.119308092
31/03/2020,Q2,3.343557867,0.644996526,0.763227733,0.656980194,5.392707646,4.496742163,4.496742163,4.496742163,6.322330607,1.08017E+12,1.1495E+12,24.00594362,18.5236815,81.14878215,94.27224988,13.77330493,13.77330493,19.71266166,68.92339844,86.35748172,100.3233059,0.010414088,0.010607575,1.135938795,0.75522784,4.157153136,1.495962287,16.97886394,1.183305183,0.003124504,0.300026669,0.08492103,0.078284431,0,-0.139208174,-0.031776791,-0.665111271,0.029101573,8.078280708,0.057301187,0.035109238,-7.066880446,47659000000,,-98222000000,1.396327702,31856500000,36274000000,4276500000,47.34673229,81.18103664,8.348218012,1.900870359,1.108633293,10.78074385,0.143436404,-0.106247539
30/06/2020,Q3,3.459941432,0.652336784,0.94323041,0.852507308,5.392662339,4.19018994,4.19018994,4.19018994,6.574961166,1.52506E+12,1.6044E+12,33.88108076,25.55173339,93.72842525,103.7029245,21.0986858,21.0986858,26.88104561,96.73189481,98.60458529,109.0980013,0.007378749,0.00964293,1.301126145,0.772228244,4.783552394,1.469449632,18.78192253,1.445925531,0.00239729,0.32489114,0,0.079718522,0,-0.096183394,-0.026220994,-0.568677326,0.028449359,7.842310765,0.058961563,0.035459943,-7.303745931,44747000000,,-1.04997E+11,1.559489223,32555500000,37726000000,4598500000,48.36642372,85.91406567,9.674908796,1.860795012,1.047558386,9.302413273,0.155681913,-0.090723102
30/09/2020,Q4,3.792908531,0.742952329,1.206264273,1.101677596,5.331516902,3.83048704,3.83048704,3.83048704,6.628708269,1.91523E+12,1.98965E+12,37.78169694,29.60261184,93.08076308,101.9172936,29.31219916,29.31219916,30.75287924,109.0996206,96.69759823,105.8774894,0.006616961,0.009811878,1.510078208,0.798266685,4.08071503,1.363604448,23.3044164,1.623609248,0.0018332,0.277045688,0.07629293,0.0769421,0,-0.086702955,-0.027574268,-0.660251665,0.026646882,8.002003409,0.067621375,0.039127723,-8.060428939,38321000000,,-1.14836E+11,1.72080993,35240500000,41211500000,4640000000,52.08893629,95.14459247,9.135194581,1.727814127,0.945928693,9.852006895,0.193957667,-0.104586677
31/12/2020,Q1,6.580349391,1.697950868,2.288912171,2.082241052,4.536490119,3.910453774,3.910453774,3.910453774,6.653688114,2.31486E+12,2.39089E+12,20.12572987,20.77245354,59.71832546,65.64561864,34.9550231,34.9550231,21.45473712,64.82375213,61.67980935,67.80178799,0.01242191,0.015233309,1.499169485,0.812955086,2.061464631,1.163002709,52.56112853,1.348043818,0.001560785,0.125647713,0,0.046330279,0,-0.090292289,-0.031407317,-1.312828207,0.018126509,12.22270688,0.151362916,0.081216425,-9.716642676,21599000000,,-1.33724E+11,1.691879077,45828000000,51986500000,5096000000,47.34249231,85.62143315,6.669100446,1.9010406,1.051138677,13.4950734,0.434208142,-0.206671119
31/03/2021,Q2,5.347188846,1.410453568,1.431404444,1.295969863,4.168329008,4.129172955,4.129172955,4.129172955,7.300872965,2.03069E+12,2.11387E+12,21.48422354,22.66798546,84.67907132,93.52840868,29.35454638,29.35454638,23.59648831,67.15381566,88.14760891,97.35942378,0.011636446,0.010691939,1.570470381,0.794820233,2.642448694,1.141749307,41.04925373,1.014853999,0.001697454,0.145873889,0,0.058738168,0,-0.094616571,-0.025328184,-0.811226314,0.022113324,11.44727703,0.11917772,0.070085835,-10.19248185,15080000000,,-1.46515E+11,1.758434762,33036000000,40127000000,5219000000,33.18940882,70.11804679,9.119697117,2.711708439,1.28354973,9.868748802,0.341582584,-0.135434581
30/06/2021,Q3,4.896998209,1.307565993,1.268478525,1.142616879,3.710062154,3.865449872,3.865449872,3.865449872,7.363838356,2.21354E+12,2.30128E+12,25.4499585,27.18195828,104.9367399,116.4957418,34.43583681,34.43583681,28.2594075,82.58367152,109.0962639,121.1134462,0.009823199,0.008584005,1.645177349,0.805117633,3.148675806,1.061890974,36.27969925,0.970106696,0.001701802,0.173243194,0,0.070204092,0,-0.099222528,-0.025701795,-0.739053672,0.024068571,10.66407253,0.108633592,0.065922872,-10.57430254,6669000000,,-1.51137E+11,1.894695084,33472000000,40268000000,5198500000,37.47476484,78.75462873,10.09160008,2.401616138,1.142789973,8.918308227,0.338270068,-0.125861646
